{"cameraMode":{"drawMode":0,"name":"Shaded","section":"Shading Mode"},"sceneLighting":false,"audioPlay":false,"sceneViewState":{"showFog":true,"showMaterialUpdate":false,"showSkybox":true,"showFlares":true,"showImageEffects":true,"showParticleSystems":true},"in2DMode":false,"pivot":{"x":-3.9824752807617189,"y":2.201672315597534,"z":14.612853050231934},"rotation":{"x":-0.14905351400375367,"y":0.7626442909240723,"z":-0.18938136100769044,"w":-0.6002428531646729},"size":9.328856468200684,"orthographic":false}