{"cameraMode":{"drawMode":0,"name":"Shaded","section":"Shading Mode"},"sceneLighting":false,"audioPlay":false,"sceneViewState":{"showFog":true,"showMaterialUpdate":false,"showSkybox":true,"showFlares":true,"showImageEffects":true,"showParticleSystems":true},"in2DMode":false,"pivot":{"x":-0.23319876194000245,"y":2.724459648132324,"z":16.21855926513672},"rotation":{"x":-0.14905351400375367,"y":0.7626442909240723,"z":-0.18938136100769044,"w":-0.6002428531646729},"size":9.673239707946778,"orthographic":false}