{"cameraMode":{"drawMode":0,"name":"Shaded","section":"Shading Mode"},"sceneLighting":true,"audioPlay":false,"sceneViewState":{"showFog":true,"showMaterialUpdate":false,"showSkybox":true,"showFlares":true,"showImageEffects":true,"showParticleSystems":true},"in2DMode":false,"pivot":{"x":-6.240278244018555,"y":3.6968002319335939,"z":0.5291735529899597},"rotation":{"x":-0.23975656926631928,"y":0.6412087678909302,"z":-0.22134944796562196,"w":-0.6945304870605469},"size":0.7279025912284851,"orthographic":false}