{"cameraMode":{"drawMode":0,"name":"Shaded","section":"Shading Mode"},"sceneLighting":false,"audioPlay":false,"sceneViewState":{"showFog":true,"showMaterialUpdate":false,"showSkybox":true,"showFlares":true,"showImageEffects":true,"showParticleSystems":true},"in2DMode":false,"pivot":{"x":0.6264063119888306,"y":-0.6816575527191162,"z":0.8115274906158447},"rotation":{"x":0.029247771948575975,"y":0.9320296049118042,"z":-0.3528405427932739,"w":0.07725866883993149},"size":4.323851108551025,"orthographic":false}