{"cameraMode":{"drawMode":0,"name":"Shaded","section":"Shading Mode"},"sceneLighting":false,"audioPlay":false,"sceneViewState":{"showFog":true,"showMaterialUpdate":false,"showSkybox":true,"showFlares":true,"showImageEffects":true,"showParticleSystems":true},"in2DMode":false,"pivot":{"x":-35.57912063598633,"y":-14.655481338500977,"z":-5.5289459228515629},"rotation":{"x":-0.13910946249961854,"y":0.8131022453308106,"z":-0.21664991974830628,"w":-0.5220882892608643},"size":52.00747299194336,"orthographic":false}