{"cameraMode":{"drawMode":0,"name":"Shaded","section":"Shading Mode"},"sceneLighting":false,"audioPlay":false,"sceneViewState":{"showFog":true,"showMaterialUpdate":false,"showSkybox":true,"showFlares":true,"showImageEffects":true,"showParticleSystems":true},"in2DMode":false,"pivot":{"x":-7.1678876876831059,"y":2.883909225463867,"z":-1.8044135570526124},"rotation":{"x":-0.4047425091266632,"y":0.24207048118114472,"z":-0.11201576143503189,"w":-0.8746644258499146},"size":218.7156524658203,"orthographic":false}