{"cameraMode":{"drawMode":0,"name":"Shaded","section":"Shading Mode"},"sceneLighting":false,"audioPlay":false,"sceneViewState":{"showFog":true,"showMaterialUpdate":false,"showSkybox":true,"showFlares":true,"showImageEffects":true,"showParticleSystems":true},"in2DMode":false,"pivot":{"x":-17.399999618530275,"y":0.7200000286102295,"z":-20.34000015258789},"rotation":{"x":-0.03292618691921234,"y":0.8209551572799683,"z":-0.04758502542972565,"w":-0.5680530071258545},"size":2.8578836917877199,"orthographic":false}