{"cameraMode":{"drawMode":0,"name":"Shaded","section":"Shading Mode"},"sceneLighting":false,"audioPlay":false,"sceneViewState":{"showFog":true,"showMaterialUpdate":false,"showSkybox":true,"showFlares":true,"showImageEffects":true,"showParticleSystems":true},"in2DMode":false,"pivot":{"x":3.5969018936157228,"y":2.525184392929077,"z":19.080345153808595},"rotation":{"x":-0.14905351400375367,"y":0.7626442909240723,"z":-0.18938136100769044,"w":-0.6002428531646729},"size":9.4216890335083,"orthographic":false}