{"cameraMode":{"drawMode":0,"name":"Shaded","section":"Shading Mode"},"sceneLighting":false,"audioPlay":false,"sceneViewState":{"showFog":true,"showMaterialUpdate":false,"showSkybox":true,"showFlares":true,"showImageEffects":true,"showParticleSystems":true},"in2DMode":false,"pivot":{"x":791.5239868164063,"y":422.3374938964844,"z":-590.8206176757813},"rotation":{"x":-0.029140451923012735,"y":-0.961681067943573,"z":0.2481210082769394,"w":-0.11294402927160263},"size":34.16532897949219,"orthographic":false}