{"cameraMode":{"drawMode":0,"name":"Shaded","section":"Shading Mode"},"sceneLighting":false,"audioPlay":false,"sceneViewState":{"showFog":true,"showMaterialUpdate":false,"showSkybox":true,"showFlares":true,"showImageEffects":true,"showParticleSystems":true},"in2DMode":false,"pivot":{"x":-0.6383612155914307,"y":0.4184694290161133,"z":2.000959634780884},"rotation":{"x":-0.1595313400030136,"y":0.724257230758667,"z":-0.178695946931839,"w":-0.6465826034545898},"size":8.666661262512207,"orthographic":false}