{"cameraMode":{"drawMode":0,"name":"Shaded","section":"Shading Mode"},"sceneLighting":false,"audioPlay":false,"sceneViewState":{"showFog":true,"showMaterialUpdate":false,"showSkybox":true,"showFlares":true,"showImageEffects":true,"showParticleSystems":true},"in2DMode":false,"pivot":{"x":-17.399999618530275,"y":0.7200000286102295,"z":-20.34000015258789},"rotation":{"x":-0.14905351400375367,"y":0.7626442909240723,"z":-0.18938136100769044,"w":-0.6002428531646729},"size":2.8578836917877199,"orthographic":false}