{"cameraMode":{"drawMode":0,"name":"Shaded","section":"Shading Mode"},"sceneLighting":false,"audioPlay":false,"sceneViewState":{"showFog":true,"showMaterialUpdate":false,"showSkybox":true,"showFlares":true,"showImageEffects":true,"showParticleSystems":true},"in2DMode":false,"pivot":{"x":-5.745570659637451,"y":-7.282137870788574,"z":12.791500091552735},"rotation":{"x":-0.2876876890659332,"y":0.20388828217983247,"z":-0.06282380223274231,"w":-0.9336587190628052},"size":32.59843826293945,"orthographic":false}