{"cameraMode":{"drawMode":0,"name":"Shaded","section":"Shading Mode"},"sceneLighting":false,"audioPlay":false,"sceneViewState":{"showFog":true,"showMaterialUpdate":false,"showSkybox":true,"showFlares":true,"showImageEffects":true,"showParticleSystems":true},"in2DMode":false,"pivot":{"x":0.0,"y":-0.15376269817352296,"z":0.7592865228652954},"rotation":{"x":-0.049737948924303058,"y":0.9468112587928772,"z":-0.26244407892227175,"w":-0.17943735420703889},"size":4.323851108551025,"orthographic":false}